2HMI_B40	2HMI_C40	0000000000000000000000000000000000000000000000000000000000000000000000000000000000000000000000000000000000000000000000000000000000000000000000000000000000000000000000000000000000000000000000000001001000000000000000000000011111101110000000000000000000000000000000000000000000000000000000000000000000000000000000000000000000000000000000000000000000000000000001000000000000000000000000000000000000000000000000000000000000000000000000	220
1WEJ_F32	1WEJ_L32	000100000000000000000000000000000000110000000000000000000010111000000000000000000000000000000000100110111	223
1E6J_P2	1E6J_L2	000000000000000000000000000000000000000000000000000000000000000000000000000000000000000000000000000000000000000000000000000000000000000000000000000000000000000000000000000000001000000000000000111111110110011000	219
1I9R_A9	1I9R_L9	00000000000001101000000001111010000000000000000000000000000000110000000000000000000000000000000000000110100000000000000000000000011111110000000000	219
1BGX_T1	1BGX_L1	0000000000000000000000000000000000000000000000000000000000000000000000000000000000000000000000000000000000000000000000000000000000000000000000000000000000000000000000000000000000000000000000000000000000000000000000000000000000000000000000000000000000000000000000000000000000000000000000000000000000000000000000001110000000000000000000000000000000000001000000000000000000000000000001101101000100001111000000000000000000000000000000000000000000000000000000000001000100100010001000001111111000000000000000001110011100110000000000000001001100111111111100110000000000001001110000001101001010000000000000000000000000000000000000000000000000000000000000000000000000000000000000000000000000000000000000000000000000000000000000000000000100110000000100100010000000000000000000000000000000000000000000000000000000000000000000000000000000000000	213
2FD6_U38	2FD6_L38	000000000000000000000000000000000000000000000000000000000000000000000000000000000000000000000000000000000000000000000000000000000000000000000000000000000000000000000000000000000000000001111111100000000000000000000000011011000000000000000000000000000000000000000000000101000000	213
1JPS_T11	1JPS_L11	000000000000000000000000000000000000000000000000000000000000000000000000000000000000000000000000000000000000000000000000000000000000000000000000000000010101000000011111111000000000000000000101010111111011000000000000000	225
1QFW_A27	1QFW_L27	00000000000001111111100000000000000000000000000000000000000000000000001101000000000000000000	117
6WPS_A161	6WPS_L161	000000000000000000000000000000000000000000000000000000000000000000000000000000000000000000000000000000000000000000000000000000000000000000000000000000000000000000000000000000000000000000000000000000000000000000000000000000000000000000000000000000000000000000000000000000000000000000000000000000000000000000000000000000000000000000000000000000000000000111010110011110000000001101110000000000000000000000000000000000000000000000000000000000000000000000000000001100000000000000000000000000000000000000000000000000000000000000000001000000000000000000000000000000000000000000000000000000000000000000000000000000000000000000000000000000000000000000000000000000000000000000000000000000000000000000000000000000000000000000000000000000000000000000000000000000000000000000000000000000000000000000000000000000000000000000000000000000000000000000000000000000000000000000000000000000000000000000000000000000000000000000000000000000000000000000000000000000000000000000000000000000000000000000000000000000000000000000000000000000000000000000000000000000000000000000000000000000000000000000000000000000000000000000000000000000000000000000000000000000000000000000000000000000000000000000000000000000000000000000000000000000000000000000000000000000000000000000000000000000000000000000000000000000000	127
1NSN_S21	1NSN_L21	00000000100000000000000000000000000000000000000000000000100110010001010000000000000000000000111111000000110000000000000110110010000000100000000000000	210
1IQD_C10	1IQD_A10	000000000000000000000011111000000000000001000010110000000000000000000000000011110100000000000000000000000000000000000000000000000000000000000110000000000000	215
1KXQ_A14	1KXQ_G14	0000000000000000000000000000000000000000000000000000110001100010000000000000000000000000000000000000000111100000000000000000000000000000000000011011101000000000001110000000000000000000000000000000000100000000000000000000000000000000000000010000000000000000000000000000000000000000000000000000000000000000100000000000000000000000000000000000000000111101011110000000000000000000000000000000000000000000000000000000000000000000000000000000000000000000000000000000000000000000000000000000000000000000	120
1FSK_A7	1FSK_B7	000000000000000000000000000000000000000001111111111110000000000000000101000100000000011000000000100000000000000000000000000000000000000000000000000000000000000	220
1NCA_N18	1NCA_L18	00000000000000000000000000000000000000000000000000000000000000000000100000000000000000000000000000000000000000000000000000000000000000000000000000000000000000000000000000000000000000000000000000000000000000000000000000000000000000000000000000000011110000000000001110100000000000000000011111010000000000000000000000000111110000000000000000000000000000011011000000000000000000000000000100000	221
2JEL_P44	2JEL_L44	1111000000000000000000000000000001010000100000000000000000000001011101110011000000000	218
1AHW_F0	1AHW_D0	000000000000000000000000000000000000000000000000000000000000000000000000000000000000000000000000000000000000000000000000000000000000000000000000000010010000000000000111111000000100000000000101010111011001000000000000000	214
2VIS_C54	2VIS_A54	000000000000000000000000000000000000000000000000000000000000000000000000000000000000000000000000000001111111110000000000000001011111000000000000000000000000000000100110000000000000000000000000000000100000000000000000000000000000000000000000000000000000000000000000000000000000000000	221
4GXU_A145	4GXU_N145	0000000000000000000000000000000000000000000000000000000000000000000000000000000000000000000000100000000000000000000000000000000000000101000000000100000001001001000000000000000000000001001101101110100000000000000000000000101001111000000000000000000000000000000000000000000000000000000000000000000000000000000000000000000000000000000	231
3V6Z_F119	3V6Z_B119	000000000000000000011101100100000000000000000000000000000000000000000000000000000000000000000000000000000000000000000000011001100110010111100101000010000000000	224
4FQI_B140	4FQI_L140	000000000000000001111000000000000001110011001101100110000000000000000000000000000000000000000000000000000000000000000000000000000000000000000000000000000000000000000000000000000	230
4G6J_A143	4G6J_L143	00000000000000000001111101010101001101110100000000000000000000011110000000000000000000111000000000000000000000000000000000000000010000000000000000000000000000	218
3HI6_A78	3HI6_L78	000000000001111110000000000000000000000000000000000000000000000000000000111111100000000000000000000000000000000111110000000000000000000110001100010000000000000000000000000000000000	220
3HMX_A79	3HMX_L79	000000000000001011111010000000000000000111101010000001110111110001000000000000000000000000000000000000000000000000000000000000000000000000000000000000000000000000000000000000000000000000000000000000000000000000000000000000000000000000000000000000000000000000000000000000000000000000000000000000000000000000	226
2W9E_A58	2W9E_L58	00000000000000000000000111111110111011000000000000000000000000000000000000000010101001000000000000000000000000000	215
4G6M_A144	4G6M_L144	000000000000000000000000000000000000000000000000000000000000000000001111110000010110100110101011100000000000000001111000000000000000000000000000000000	220
4DN4_M128	4DN4_L128	0000000000000001011111110000000000000000000011111010000000000000000000000000	228
3EO1_C71	3EO1_A71	0000000000000000000000000001111100000000000000000000000000000000000000000000000000000000011111000000100000000000	225
3EOA_I72	3EOA_L72	0000000000000001100110010001000000000000000000000000000000000001011001111101000000000000000000000000000000000000000000000000000000000000000000000000000000000000000000000000000000000	220
3MXW_A91	3MXW_L91	0000000000000001100000000000000000000000000000000000000000100000000000000000000000000000000000101100001111110000000000101000101000000000000000000101111100000000000000000	220
