1EGJ_A3	1EGJ_L3	00000000000000000000000011111100000000000000000000000000010000000000000000000011110100000000000000000	220
1EO8_A4	1EO8_L4	0000000000000000000000000000000000000000010000000011111100000000011011100100000001110100000000000000000000000000000000000000000000000100000000000000000000000000000000000000000000000000000000000000000000000000000000000000000000000000000000000000000000000000000000111000000000000000000000000000000000000000000000000000000	217
1FJ1_F5	1FJ1_A5	00000000000000000000000000000000000000000000000000000000000000000000000000000000000000000000000000000000000000000000000000000000000000000000000000000000000000000000000000000000000000011110101110000000010111110000000000000000001111100000000000000000000	213
1H0D_C8	1H0D_A8	00000000000000000000000000000000111111110000000000000000000000000000000000000000010111111101000000000000000000000000000000	223
1JRH_I12	1JRH_L12	00000000000000000000000000000000000010111111110000000000000000000101110101000000000000011000000	219
1KB5_A13	1KB5_L13	1100000000000000000000000100000000000000000000000000000000000000000000000000000000000000000011111101100000000000000	219
1LK3_A15	1LK3_L15	0000000000000000001000000000000000000000000000000010011001100110000000000000000000000000000000000000000100111111101100000000000000000000	219
1MHP_A16	1MHP_L16	0000000000011101000000000000000000000000000000010000000000000000000000000111111100000000000000000000000000000000001110110000000000000000000000000000000000000000000000000000000000000000	219
1NMB_N20	1NMB_L20	0000000000000000000000000000000000000000000000000000000000000000000000000000000000000000000000000000000000000000000000000000000000000000000000000000000000000000000000000000000000000000000000000000000000000000000000000000000000000000000000000000000111110000000111100000000000000000000011111010000000000000000000000000011010000000000000000000000000000001000000000000000000000000000000000000	122
1OAZ_B22	1OAZ_N22	0000000000000000000000000000000011101000111001110000000000000000000000000000000111100000000000000111110010000000000	122
1OB1_C23	1OB1_A23	000000011110110000000011110100000000011000000000000000000000000000000000000000000000000000000000	219
1ORS_C24	1ORS_A24	000000000000000000000000000000000000000000000000000000000000000000000000000000000000000100011111110110010000000000000000000000000000	221
1PKQ_J26	1PKQ_F26	1100000000000000000000000000010011000001000010000000100000000000000000000000000000000000000000000000111111110000000000	252
1RJL_C28	1RJL_A28	00000000000000000000000000000111000000000000000011111000000000000000001111110000000000000000000	221
1TQB_A29	1TQB_C29	110000000000000000000000010001011000000000000000000000000010011111111111110000000000000000000000000000	212
1XIW_A33	1XIW_C33	0000000000000000000000010110000011111100100011000000000000000000001011111110000000000000000	122
1YJD_C34	1YJD_L34	0000000000000000000000000000000101000000000000001010000000101111100000000000000000000000000000001011000100000000000000	222
2ADF_A35	2ADF_L35	000000000000000000000000000000000000000000000000000011111111111000000000000000000000000100110011000011000000000000000000000000000100000000000000000000000000000000000000000000000000000000000	218
2AEP_A36	2AEP_L36	0000000000000000000000000000000000000000000000000000000000000000010010111000000000000000000000000000000000000000001111000000000000000000111110100000000000000000001110111100000000000000000000000000000000000000000000000000000000000000000000000000000000000000000000000000000000000000000000000000000000000000000000000000000000000000000000000000000000000000000000000000000000000000000000000000	217
2ARJ_R37	2ARJ_A37	00101111111100001111010101100000000000000000000000000000000000000000000000101000000000000000000000000000001000000000	215
2H9G_R39	2H9G_A39	000000000000011111000000000001001001111011010000000000000000000000000000000011100000000000000000000000000000	228
2J6E_A42	2J6E_L42	000000000000000000000000000000000000000000000000000000000000000000000000000000000000000000000000000000000000000000100000000000000000000000000000000000000000000000000000000000000000000010101000000000000111111110	231
2J88_A43	2J88_L43	0000000000000000000000000000000000000000000000000000000000000000000000000000000000000000000000000000000000000000000000000001111111111110000000000000000000000000000000000000000000000000000000000000000000000000000000000000000000000000000000000000000000000000000000000000000000000000000000000000000000000000000000000000000	191
2NYY_A45	2NYY_C45	0000000000000000000000000000000000000000000000000000000000000000000000000000000000000000000000000000000000000000000000000000000000000000000000000000000000000000000000000000000000000000000000000000000000000000000000000000000000000000000000000000000000000000000000000000000000000000000000000000000000000000000000000000000000000000000000000000000000000000000000000000000000000000000000000000000000000000000000000000000000000000000000000000000000000000000000000000000000000000000000000000000000000000000000000000000000000000000000000000000000000000000000000000000000000000000000000000000000000000000000000000000000000000000000000000000000000000000000000000000000000000000000000000000000000000000000000000000000000000000000000000000000000000000000000000000000000000000000000000000000000000000000000000000000000000000000000000000000000000000000000000000000000000000000000000000001000000000000001111100000000000000000000000000001101111000000000000000000000000000000000000000000000000000000000000000000000000000000000000000000000000000111111111110000000000000000000000000000000000000000000000000000000000000000000000000000000000000000000000000000000000000000000000000000000000000000000000000000000000000000000000000000000000000000000000000000000000000000000000000000001001010	223
2OZ4_A46	2OZ4_L46	0000000000000000000000000000000000000000000000000000000000000000000000000000000000000000000000000000000000000000000000000000000000000000000000000000001000000000000000000000000000000100001111010110000000010111111001000000000000001100000000000000000000000000000000000	214
2Q8B_A47	2Q8B_L47	0000000000000000000000000000000000000000000000000000000000000000000000000000001001111100110110111111100100000000000101111001010000100000000001000000000000000000000000000000000000000000000000000000000000000000000000000000000000000000000000000000000000000000000000000000000000000000000000000000	210
2QQK_A48	2QQK_L48	0000000000001010001110000000000000000000000001111110000000000000000000000000000010000000000000000000000100101000000000000000000000000000000000000000000000000000000000000000000000000000000000000000000000000000000000000000000000000000000000000000000000000000000000000000000000000000000000000000000000000000000000000000000000000000000000000000000000000000000000000000000000000000000000000000000000000000000000000000000000000000000000000000000000000000000000000000000000000000000000000000000000000000000000000000000000000000000000000000000000000	231
2QQN_A49	2QQN_L49	0000000000000000000011111100100000000000000011010110000000000000000000000000000000000000000000000000000000000000000000000000000000000000000000000000000000	230
2R0L_A50	2R0L_L50	00000000000000000000000000000000000000000100111100000000000000000000000001111111111110011000000000000000000000000000000000000000000000000000000000000000000000000000000000111000000000000000000000000000000000000000000000000000000010001000100	220
2R29_A51	2R29_L51	0000000111111110000000000001010000000000000000000000000000000000111000000000000000000000011111000	216
2R56_B52	2R56_M52	000000000000001110000000000000000000000111010000000101010000011110100000000000000000000000000000000000000000000000000000011100000000000000000000000000101111001	221
2UZI_R53	2UZI_L53	0000000000000000100010001010101111111111000000000000000110001011001000000000000000000000000000000000000000000000000000000000000000000000000000000000000000000000000000	114
2VXQ_A55	2VXQ_L55	00000000000000000000000000010101000011101000000000000000000000101110000111111100000000000000	216
2VXS_D56	2VXS_N56	00000000000000000000000000000000000000100000000001111001010000000000000011110	225
2XQB_A59	2XQB_L59	000000000000000000111010000000000010011011101100111100000000100110011011000000011000100000000000000000000	236
2XQY_A60	2XQY_L60	00000000000000000000000000000000000000000000000000000000000000000000000000000000000000000000000000000000000000000000000000000000000000000000000000000100000000000000000000000000000000000000111101000000000000110110111001101100001111001000000000000000000000000000000000000000000000000000000000000000000000000000000000000000000000000000000000000000000000000000000000000000000000000000000000000000000000000000000000000000000000000000000000000000000000000000000000000000	261
2XWT_C61	2XWT_B61	000000000001101010100000000000010010110000000000000000011010110000000000000000001101011000000000000000000110001000000000000000011101010000000000000000000000010100000000000000000001000000000000000000000000000000000000000000000000000000	221
2YC1_F62	2YC1_E62	00010010010011111110010100100000000000000111100000000000000000000	117
2YPV_A63	2YPV_L63	0000000000000000000000000010000000000000000000000000000000000000000000000000000000000000000000000010101000000000000000000000000000000000000000000000000000000000000000000000000000000000001101111100000000000000000101111110100000000	218
2ZCH_P64	2ZCH_L64	000000000000000000000000000000000000000000000000000000000000000000000000011111000000000000010110000000000000000000000011100000000000000000000000000000000000000000000010011000000000000000000000000000000000000000000000000000111111010000000	229
3B9K_F66	3B9K_C66	000000000000000000001111111100000000000000000000001111111000000000000011111111000000000000000000000000000000000000000	214
3BGF_A67	3BGF_C67	0000000000000000000000000000000000100100000000000000000000000000001100000000000000000000000000000001011000000000000000000000000000000000000000000000000000000000111111110100000000	220
3CX5_E68	3CX5_K68	00000000000000000000000000000000000000000000000000000000000000000000000000000000000000000000110110011111000000011100111110000000000000000000000000000000000000000000000000000000100000000	127
3D85_C69	3D85_A69	0000000000000000000000000000000000000000000000000000000000100011100111110000000000100010000000000111110110000000000000000000000000000	223
3DVG_Y70	3DVG_A70	0000001110000000000000000000000001111011000000000000000000000000000000111111	230
3GI9_C73	3GI9_L73	10111100000000000000000000000000000000000000000000000000000000000000000000000000000000000000000000000000000000000000000000000000000000000000000000000000000000000000000000000000000000000000000000000000000000000000000000000000000000000000000000000000000000000000000000000000000000000000000000000000000000000111111100101100000000000000000000000000000000000000000000000000000000000000000000000000000000000000000000000000000000000000100001110	223
3GRW_A75	3GRW_L75	00001100110111111111111101010000000000000000000000000001010010001010000000000000000000000001000000100000000000000000000000000000111111000000000000000000000000000000111110000000000000000000000000000000000000	235
3HB3_B76	3HB3_D76	000000000000000000000000110011001000000000000000000000000000000000000000000000000000000000000000000000000000000000000000000000000000000000000000000000000000000000000111000000000000000000000000000000000000111110000000000000000000000000111101000000000000	127
3HI1_J77	3HI1_A77	0000000000000000000100100000000000000000000000010000000000000000000000000000000000000000000011100000000000000000000000100000000000000000000000000000000000000000000000000000000001111111000110000010100000000000000000000100111001000000000000000000000000000000000000000000111110000000000000000	225
3KR3_D81	3KR3_L81	001011111110100000000100000001100001001110111000000000100000	251
3KS0_B82	3KS0_L82	00000000000000000000000010000000000000000000000000000000011111111010100000000000000000000000	225
3L95_Y83	3L95_L83	00111110110000000000000000000000000001111110101000000000000000000000000000000000000000000000000000000000000000000000000000000000000010000000000000000000000000000000000000000000000000000000000000001111001110100000000	227
3LD8_A84	3LD8_B84	0000000000000000000000000000000000000000000000000000101111011100100000000000000000000000000000000000000000000000000000000000000000000000000000000000000000000101000000000000000000000000000000000000000000000000000000000000000000000000000000000000000000000000000000000000000000000000000000000110000000000000000000000000001101100100000000	221
3LEV_A85	3LEV_L85	000000000000001111111011000000000000000000000000000000000000000000000000000000000000000000000000000000000000000000000000000000000000000000000000000000011000101000000000000000000	237
3LH2_T86	3LH2_M86	0000000011111110110000000010010100000000000000000000000000000000000	137
3LZF_A88	3LZF_L88	00000000000000000000000000000000000000000000000000000000000000000000000000000000000000000000000000000000000000000000010111011000000000000000000000000000011111110111010100000000000000000000000011000000000000000000000000000000000000000000000000101000000000000000000000000000000000000000000000000000000000000000000000000000000	230
3MJ9_A90	3MJ9_L90	0000000000000000000011110000000000000000000000000000000000000000000010010000000000000000000000000000000000000000000000000000000000000000001011100000000000000000011111111110000000000011111110000000000000000000000000000000000000000	223
3NFP_I92	3NFP_L92	1111110000000000000000001010000000000110100000000000000000000000000000000001010100000000000000000000000000001111111000000000	216
3NGB_G93	3NGB_L93	00000000000000000000000000000000000000000000000000000100000000000000000000000000110000000000000000000000000000000000000000000000000000000000000000000000000000010111111000000000000000000000000000000000000000000000000000000000011110010000000000000000000000000000000000000000000000000000100000000000000000000000011111110101110100110000000000000000000	224
3NH7_C94	3NH7_N94	0000000001000000000000000010101001000000100111111010100011111111000000000000000000000	234
3P0Y_A97	3P0Y_L97	00000000000000000000000000000000000000000000000000000000000000000000000000000000000000000000000000010110000100000000000000000010101000000000000110010011111111000000000000000000000000000000000000	228
3PNW_I99	3PNW_G99	0000000000001110000000000111100011101011111111010000000	246
3Q3G_I101	3Q3G_F101	000000000011100000000000000000000000000000000011110000000000000000000000011111000000000000000000000000000000000111110000000000000000000000000010000100000000000000000000000000000000000000000	224
3QWO_P102	3QWO_L102	11110111011011000000100110011011100000000000000000000	225
3RKD_A105	3RKD_L105	00000000000000000110100001100000000101111000000001010111100000000000000000010000000000000000000000000000000000000111111100000000000001000000000000	230
3RU8_X106	3RU8_L106	0000000000000000000000000000000000000000000000000000000000000000000000010011111000000000000000000000000000010111111011111100000000000000000000000000001000100110010000000000000000000000000000000000000000000000000000001101000000000000000000000000000000001110000000000000000000000	230
3S37_X108	3S37_L108	11100000000000000000000000000001000111010100000000000000000000000000000000000000000000001011111111000000000000	221
3SDY_B109	3SDY_L109	0000000000000011111100001100011111110100000000000000000000000000000000000000000000000000000000000000000000000000000000000000000000000000000000000110010010000000000000000000	227
3SKJ_E110	3SKJ_L110	00000000000000000000000000001011100000000101010110000000000000000000000000001010001110000000000000000000000000000000000000000000100110100000000000000000000000000001110000000000	231
3SO3_A111	3SO3_B111	000000000000000000000000000000000000000001001011000000000000000000000000000000000000000001111110000000000000000000000000000000000000000000001000000000000000000000000011111110000000000011110000000000000000000010111110000101000000000000000000	228
3SOB_B112	3SOB_L112	00000000110000000000000000000001001000000000000000100100000000000000000000011010000000000000000100000000000000000000000001000000000000000100000000000000000000000001010000000000000001100000000000000000000001101000000000000011100000000000000000000010010000000000000000000000000000000000000000000000000000000	256
3SQO_A113	3SQO_L113	11100000000000000000000000000000001101000000000000000000000000000000001110000000000000000000000000000000000000000000000000000000000000000000000000000000000000000000000000000000000000000000000000000000001000011011101000000000000000000000000000000000000000000000000000000000000000000000000000000000000000000000000000000000000000000000000000000000000000000000000000000000000000000000000000000000000000000000000000000000000000000000000000000000000000000000000000000000000000000000000000000000000	219
3TT1_B115	3TT1_L115	000111100000000000000000000000000000000000000000000000000000000100100000000000000000000000000000000000000000000000000000000000000000000000000000000000000000000000000000000000000000000000000000000000000000000000000000000000000000000000000000000000000000000000001111100000000000000000000000000000000000000000000000000000000000000000000000000000000000000000000000000000000000000000000000000000000000000000000000000000000100110011001100010000000000000000000000000000000000000000000000000000000000000000	219
3UC0_B117	3UC0_M117	00000000000000000000000000000000000000000000000000000000000000010000111100001011111011011000000000000000000000101000	236
3V6O_A118	3V6O_E118	00000000000000000000000000111111100000001111110000000000000000010100000000000000000000000000000000000000000000000000000000000000000000000000000000000000000000000000000000000000000000	221
3VG9_A120	3VG9_B120	000000000000000000000000000111111101100000000000000000000000000000000000000000000000000000000000100000001001100000000000000000000000000000000000000000000000000000000000000000000000000000000000000000000001100111110011001000100000000000000000000000000000000000000000000000000000000111101100100000000	226
3VI3_D121	3VI3_L121	000000000000000000000000000000000000000000000000000000000000000111111111010000000000000000000000000000000110000000000000000000000000000001001111100000000000000000000000000000000000000000000000000000000000000000000000000000000000000000000000000000000000000000000000000000000000000000000000000000000000000000000000000000000000000000000000000000000000000000000000000000001000000000000000011000000000000000000000000000000000000000000000	218
4FFV_B138	4FFV_C138	000000000000000000000000000000000000000000000000001110011111100000000000000001100000000000000010000111010010000000000000000000000000000000000000000000000000000000000000000000000000000000000000000000000010000000000000000000000000000000000000000000000000000000000000000000000000000000000000000000000000000000000000000000000000000000000000000000000000000000000000000000000000000000000000000000000000000000000000000000000000000000000000000000000000000000000000000000000000000000000000000000000000000000000000000000000000000000000000000000000000000000000000000000000000000000000000000000000000000000000000000000000000000000000000000000000000000000000000000000000000000000000000000000000000000000000000000000000000000000000000000000000	217
4FFY_A139	4FFY_L139	0110000000000000000000000000000000010111110111111111100000000000000000011100000010111101010000000	130
4AEI_B123	4AEI_M123	0000000111111010000000000000000000000000110000000000000100111111	229
4AG4_A124	4AG4_L124	00000000000000000000000000000000000000000000000000000000000000000000000000000000000000000000000000000000000000000000000000000000000000000000000000000000000000000000000000000000000000000000000000000000000000000000000000000000000000000000000000000001010110100000000000000000000001000000110000100000000000000111011110000000000000000000000101010	215
4D9Q_B126	4D9Q_D126	000000000000000000000000000000000000000000000000000000000000000000000000000000000000000000000000000000000000000000010010000000000000000000000000000001111011110011011100000000000000000000000000000000000000001100000000000000000000	217
4DKF_A127	4DKF_L127	00000000000000010000000100000101000000001110000000000000000000000000000000000000000000000000000000000000000000000000000000000010101000110010000000000000000000000	226
4DQO_C129	4DQO_L129	0000000000000000000101001001111111100000000000000000000000000000000000000000000000000000	246
4DTG_K130	4DTG_L130	000000001111000101010110101001111110000000000010100000000000	222
4DW2_U131	4DW2_L131	10100110000000000000000000000000000000000000000000000000000000000000000000000000000000000000000000000000000000000000000000000000000011111110001111110000000000000000000000011111000000000000000000000000000000000000000000000	212
4ERS_A133	4ERS_L133	000000000000000000000000001110000000000000000000000000000000000000000000000100000000000000000000	231
4ETQ_C134	4ETQ_L134	101000000000000000000000000000000010111001000000000000000000000000000000000000000000000000000000000001000000000000000000000000000000000000000010000000000000000000000000000111111000000000000000000000000110101111101101100000000	221
4F2M_F135	4F2M_D135	0000000000000000011111110100000000000000000000000000000000000000110000000000000000000000000000000000000000000000000000000000110000000000000000000000	221
4F37_A136	4F37_L136	111111111100000000000000000000000000000000000000000000000000000000000000000000000000000000000000000000	228
4F3F_C137	4F3F_A137	00000100000011011111110000000000000000011111111100000000000	231
4FQJ_A141	4FQJ_L141	000011111000000000010000011111000000000000000000000011000100000000000000000000000000000000000000000000000000000000000000000000000000000000000000000000000000000000000000000000000000000000000000000000000000000000000000000000000000000000000000000000000001111010000000000000000000000000000000000000	234
4HCR_B146	4HCR_N146	11110000000000000000000000100001001110101000000000000000000000000000001011101111111100000000000000000000000000000000000000000000000000000000000000000000000000000000000000000000000000000000000000	229
4HF5_A147	4HF5_L147	000000000000000000000000000000000000000000000000000000000000000000000000000000000000000000000000000000000000000000000000000000010111110010011100000001011111000000000000000000000000000001101110000000000000000000000000000000100000000000000000000000000000000000000000000000000000000000000000000000000000000000000000000000000000	233
4HKX_E149	4HKX_B149	00000000000000000000000000000000000000000000000000000000000000000000000000000001001111100000000000000101101110000000000000000000000000010110111010000000000000000000000100100110000000000000000000000000000000000000	231
4HWB_A151	4HWB_L151	001100000000000000000000001101111101000000000000101111000000000000000000000000000000000001111111100000000000000	227
4I3S_G152	4I3S_L152	100000000000000000000001101111100000000000000000000000000000000000000000000000000000001111001000000000000000000000000000000000000000000000000000000000000000001111111000000100110000	228
4I9W_A154	4I9W_D154	0000000000000000000000000000000000000000011001101111111100100000000000000000000000000000000000000000000000000000000000000000000000000000000000000000000000000000000000000000000000000000000000000000000000000000000000000000000000000000000000000000000000000	217
4JPK_A155	4JPK_L155	0000000000000000000000001111111100111010011101100000000000000000000000000000001011111000000000000000000000000000000000000000000000000000011110010000000000000000000000000	248
4JQI_A156	4JQI_L156	01000000000000000000000000000000000000000000000000000000000000000000000000000000000000000000000000000000000000000000000000000000000000000000000000000000000000000000000000000000000000000000000000000000000011110000000000000000000000000000000000000000000000000000000000000111110010000000000000011110000000000000000000000000000000000000000000000000110001001	237
4K2U_B158	4K2U_M158	00000000000000000000000000000000000000000000000000000000000000000000000000000000000000000000000000000000000000000000000000000000001001100100011111001110000000000000000000000000000000000000000000000000000000000000000000000000000000000000000000000000000000000	233
4KUC_I159	4KUC_E159	0000000000000000000000000000000000000000000000101001000000000000000000000000000000000001010001101110110010111111000000000000000000000000000000000000000000000000000000000000000000000000000000000000000000000000000000000000000000000000000000000000000000000000000	237
4LEO_C160	4LEO_B160	0000000001000000000000000000000000000100000000000000000000000100000000000000000001100100101101111000000000000000000000101100000000000010000000111101100100000000000000000000000000000000000000000000000000000000000000000000000000000000000000000000000000000000000000000000000000000000000000000000000000000000000000000000000000000000000000000000000000000000000000000000000000000000000000000000000000000000000000000000000000000000000000000000000000000000000000000000000000000000000000000000000000000000000000000000000000000000000000000000000000000000000000000000000000000000000000000000000000000000000000000	227
