1FNS_A6	1FNS_L6	0000000000000000000000000000000000000000000000000000000000000000000000000000000000000000000000000000000000000000000000001110111111000000000000000000000101100100000000000000000000000000000000000000	225
1N8Z_C17	1N8Z_A17	00000000000000000000000000000000000000000000000000000000000000000000000000000000000000000000000000000000000000000000000000000000000000000000000000000000000000000000000000000000000000000000000000000000000000000000000000000000000000000000000000000000000000000000000000000000000000000000000000000000000000000000000000000000000000000000000000000000000000000000000000000000000000000000000000000000000000000000000000000000000000000000000000000000000000000000000000000000000000000000000000000000000000000000000000000000000000000000000000000000000011011000000011111000001010100101010111100	220
1NFD_B19	1NFD_E19	00000000000001000100000000000000000000000000000000000000000000000000000000000000000000000000000000000000000000000111001000000000000000000000000000000000000000000000000000000000000000000000000000000000000000000000111111111110000000000000000	222
1P2C_C25	1P2C_A25	000000000000000000000000000000000000000010101111111010000000000011111100000000101001000000000000000000000000000000000000000000000	218
1TZH_W30	1TZH_A30	0000000000000000000000000000000110000000000000000000000000000000010111111111111100000000000000	229
1V7M_V31	1V7M_L31	0000000000000000000000000000000000000000000000000011001000000100100010000000000000000000000100110011001111111000000000000000000000000000000000000	217
2IH3_C41	2IH3_B41	0000000000000000000001001110111111101111100000000000000000000000000000000000000000000000000000000	219
2VXT_I57	2VXT_L57	000000000000001110000000000000000000000000000000000000001000000000000000000000000000000000000000000000010111100100010000100100000000000000011111111001000000	216
3AB0_A65	3AB0_C65	0000000000000001000001111000000000000001111011010000000000000000000000000010111000000000000000000000000000101010100000000000000000000000	117
3GJF_A74	3GJF_L74	000000000000000000000000000000000000000000000000000000000100110011011001100100000000000000000000000000000000000000000000000000000000000000000000000001100010011000100110000000000000000000000000000000000000000000000000000000000000000000000000000000000000000000000000000000000000	220
3I50_E80	3I50_L80	000000000000000000000000000000000000000000000000000000000000000000011111100000000000000000000000011110110000000000000000000000000000000000000000000000000000000000000000000000000000000000000000000000000000000000000000000000000000000000000000000000000000000000000000000000000	221
3LIZ_A87	3LIZ_L87	00000000000000000000000000000000000000000000000000000000000000000000000000000000000000000000000000000000000000000000000000000000000000000000000000000000000000000000000000000000000000000000000000000000011100000000000000000000000000000111111100000000000010110111110100000000001011000000000000000000000000000000000000000000000000000	253
3MA9_A89	3MA9_L89	00000000000000000010011001110110111001000000011011000100110010010000000000000000000000000000000000000000000000000000000000000000000000000000000000000000000000000000000000000000000000000100110010000	245
3O0R_B95	3O0R_L95	00000000000000000000000000000000000000000000000000000000000000000000000000000000000000000000000000000000000000000000000000000000000000000000000000000000000000000000000000000000000000000000000000000000000000000000000000000000000000000000000000000000000000000000000000000000000000000000000000000000000000000000000000000000000000000000000000000000000000000000000000000000000000000000000000000000000000000000000000011111011001101000000000000000000000000	225
3O2D_A96	3O2D_L96	0010000000000000000000000000001100000000000000000100000000000000000000000001111100000000000001010000000000000000000001011111111000000000000111100000000000000000011111000000000000	225
3PGF_A98	3PGF_L98	0000000000000000000000000000000000000000000000000000000000000001000000000000000000100010011110110100000000000100000000000000000000000000000000000000000000000000000000000000000000000000000000000000000000000000000000000000000000000000000000000000000001000000000000000000000000000000000000000001100100110000000000010011011111100000000000000000000000000000000000	231
3Q1S_I100	3Q1S_L100	00000000000101111111100011100100000001000000000000000000000000000000000000000000000000000000000000000010001000000	230
3R1G_B103	3R1G_L103	000000000000000000000000000000000000000000000000000000000000000000000000000000000000000000000000000000000000000000000000000000000000000000000000000000000000000000000000000000000000000000000000000000000000000000000000000000000000000000000000000000000111111000000011111110111011000000000000000000000000000000001001010000000000000000000000000000000000000000000001000000000000000000000	222
3RAJ_A104	3RAJ_L104	00000000000000000000000000000000000000000000000000000000000000000000000000000000000000000000000000000000000000000000000000000000000000000000000000000000000000000000000000000000000000110111000000000000001001000000010001001111110000	220
3RVV_A107	3RVV_C107	0000000000000101011010000000000000000000000000000000000000000000000000000000000000000000000000000000000000000000000000000000000000000000000000000000000000011110000000000000000000001100010100000000001101010000000000000000000	255
3T3P_C114	3T3P_F114	000000000000000000000000000000000000000000000000000000000000000000000000000011111101000000000000000000000000000000001000000000000000000000000000000010000100110000000000000000000000000000000000000000000000110111101110000000000000000000000000000000000000000000000000000000000000000000000000000000000000000000000000000000000000000000000000000000000000000000000000000000000000000000000000000000000000000000000000000000000000000000000000000000000000000000000	221
3U9P_C116	3U9P_M116	0011111110000000000000000000000000000000000000000000000000000000000000000000111001010000000000110100000000000000001110000100000000000000000000000000000000000000000000000	216
3ZKM_B122	3ZKM_D122	000000000000000000000000000000000000000000000000000000000000000000000000000000000000000000000000000000000000000000000000000000000000000000000000000000000000000000000000000000000000000000000000000000000000000000000000000000000000100110011011101011111101111101111000001000100000000000000000000000001000000000000101000000000000000000000000000000000000000000000000000000000000000	221
4AM0_R125	4AM0_L125	000000000010011111100001000000000000000000000000000010000000000000001000000000000000000000000000	217
4ENE_B132	4ENE_F132	0000000000000000000000000000000000000000000000000000000000000000000000000000000000000000000000000000000000000000000000000000000000000000000000000000000000000000000000000000000000000000000000000000000000000000000000000000000000110101110000000000000000000000000000000000000000000000000000000000000000000000000000000000000000000000000000000000000000000000000000000001111100000000000000000000000000000000000000000000000000000000000000000000000000	222
4G3Y_C142	4G3Y_L142	0000000000000110000000000000000000000000000000000000000001101101110100000000000000000001000000011111110000000000000000000000000111110000000000000000	226
4HJ0_A148	4HJ0_Q148	01101110110010001000000000000000001011000000000000000000111100000000000000000000001010001011	227
4HT1_T150	4HT1_L150	00000000000000011000000000000000000000010101000000000000000000000100000101111001010100000000000000000011101010111000000000000000000	227
4I77_Z153	4I77_L153	0000100000000000001010000000000000000000111111111110111011000010110000000000000000000000000000000	219
4JR9_A157	4JR9_L157	1011111100101101110010000000000000000000000000000000000000000000000000000000000000000000000000000000000000000000000000000000000000000000000000000000000000000000000000000000000000000000000000000000000000000000000000000000000000000000000000000000000000000000000000000000000000000000000000000000000000000000000000000000000000000000000000000000000000000000000000000000000000000000000000000000000000000000000000000	217
